<?xml version="1.0" encoding="ISO-8859-1"?>
<project name="freehep-export">
    <bannerLeft>
        <name>FreeHEP Export</name>
<!--        <src>http://maven.apache.org/images/apache-maven-project.png</src> -->
<!-- FIXME, should this be substituted by some properties -->
        <href>http://java.freehep.org/freehep-export</href>
    </bannerLeft>
    
    <bannerRight>
        <name>FreeHEP</name>
        <src>http://java.freehep.org/images/sm-freehep.gif</src>
        <href>http://java.freehep.org/</href>
    </bannerRight>
    
    <body>
        <links>
            <item name="FreeHEP" href="http://java.freehep.org/"/>
            <item name="JAS" href="http://jas.freehep.org/"/>
            <item name="WIRED" href="http://wired.freehep.org/"/>
        </links>
    
        <menu name="General">
            <item name="Introduction" href="index.html"/>
			<item name="License" href="license.html"/>
			<item name="Team" href="team-list.html"/>
        </menu>
                
        <menu name="User Info">
            <item name="Summary" href="project-summary.html"/>
            <item name="API Doc" href="apidocs/index.html"/>
            <item name="Jar File(s)" href="http://java.freehep.org/maven2/org/freehep/freehep-export/"/>
            <item name="Dependencies" href="dependencies.html"/>
            <item name="Forum" href="http://forum.freehep.org/"/>
            <item name="Bug Reports" href="http://bugs.freehep.org/browse/FHEXPORT"/>
        </menu>
        
        <menu name="Developer Info">
            <item name="Source Code" href="source-repository.html"/>
        </menu>       
    </body>
</project>
